match_id,donation_wish_id,relief_request_id,matched_quantity,donor_id,shelter_id,relief_item_id,status,matched_at,delivery_scheduled_at,delivery_completed_at,verified_at,delivery_company,tracking_number,delivery_address,created_at,updated_at
match_0001,wish_0196,request_0235,70,user_0030,shelter_0037,relief_item_0053,매칭완료,2025-04-20T04:22:47,2025-04-21T04:22:47,2025-04-21T07:22:47,2025-04-21T08:22:47,CJ대한통운,TRK369054,전라북도 제천시 강남대55길 366 (하은김읍),2025-09-08T13:29:35.358734Z,2025-09-08T13:29:35.358734Z
match_0002,wish_0277,request_0186,72,user_0022,shelter_0016,relief_item_0144,배송완료,2025-07-14T15:51:44,2025-07-15T15:51:44,2025-07-15T18:51:44,2025-07-15T19:51:44,한진택배,TRK641975,강원도 화천군 잠실19길 841,2025-09-08T13:29:35.358734Z,2025-09-08T13:29:35.358734Z
match_0003,wish_0192,request_0132,265,user_0171,shelter_0034,relief_item_0056,취소,2024-12-04T16:13:37,2024-12-05T16:13:37,2024-12-05T19:13:37,2024-12-05T20:13:37,CJ대한통운,TRK610451,전라북도 아산시 반포대가 지하606 (민수지김리),2025-09-08T13:29:35.358734Z,2025-09-08T13:29:35.358734Z
match_0004,wish_0023,request_0076,8,user_0086,shelter_0020,relief_item_0044,배송중,2025-04-13T18:57:13,2025-04-14T18:57:13,2025-04-14T21:57:13,2025-04-14T22:57:13,CJ대한통운,TRK638857,대전광역시 강서구 학동거리 지하978,2025-09-08T13:29:35.358734Z,2025-09-08T13:29:35.358734Z
match_0005,wish_0043,request_0243,5,user_0039,shelter_0021,relief_item_0086,매칭완료,2025-06-14T21:04:33,2025-06-15T21:04:33,2025-06-16T00:04:33,2025-06-16T01:04:33,한진택배,TRK910883,광주광역시 북구 백제고분가 406 (영미이면),2025-09-08T13:29:35.358734Z,2025-09-08T13:29:35.358734Z
match_0006,wish_0276,request_0137,45,user_0099,shelter_0016,relief_item_0004,매칭완료,2025-01-15T01:31:34,2025-01-16T01:31:34,2025-01-16T04:31:34,2025-01-16T05:31:34,우체국택배,TRK168652,제주특별자치도 원주시 잠실거리 55,2025-09-08T13:29:35.358734Z,2025-09-08T13:29:35.358734Z
match_0007,wish_0108,request_0172,248,user_0032,shelter_0061,relief_item_0052,배송중,2025-06-12T06:06:50,2025-06-13T06:06:50,2025-06-13T09:06:50,2025-06-13T10:06:50,우체국택배,TRK544815,부산광역시 강동구 백제고분로 748-21 (영철조읍),2025-09-08T13:29:35.358734Z,2025-09-08T13:29:35.358734Z
match_0008,wish_0054,request_0053,52,user_0073,shelter_0007,relief_item_0115,취소,2025-07-30T06:23:20,2025-07-31T06:23:20,2025-07-31T09:23:20,2025-07-31T10:23:20,우체국택배,TRK877388,경기도 예산군 봉은사11가 825-53,2025-09-08T13:29:35.358734Z,2025-09-08T13:29:35.358734Z
match_0009,wish_0223,request_0166,137,user_0136,shelter_0052,relief_item_0035,매칭완료,2025-02-03T18:37:12,2025-02-04T18:37:12,2025-02-04T21:37:12,2025-02-04T22:37:12,우체국택배,TRK819368,충청북도 가평군 봉은사거리 725 (지영박김리),2025-09-08T13:29:35.358734Z,2025-09-08T13:29:35.358734Z
match_0010,wish_0079,request_0007,64,user_0149,shelter_0021,relief_item_0086,검수완료,2024-11-25T14:31:42,2024-11-26T14:31:42,2024-11-26T17:31:42,2024-11-26T18:31:42,우체국택배,TRK447828,전라남도 홍성군 삼성가 264,2025-09-08T13:29:35.358734Z,2025-09-08T13:29:35.358734Z
match_0011,wish_0020,request_0023,73,user_0159,shelter_0015,relief_item_0118,매칭완료,2024-09-16T14:52:54,2024-09-17T14:52:54,2024-09-17T17:52:54,2024-09-17T18:52:54,한진택배,TRK286638,서울특별시 서초구 봉은사0로 394-40,2025-09-08T13:29:35.358734Z,2025-09-08T13:29:35.358734Z
match_0012,wish_0129,request_0143,22,user_0120,shelter_0037,relief_item_0032,매칭완료,2024-09-19T10:28:58,2024-09-20T10:28:58,2024-09-20T13:28:58,2024-09-20T14:28:58,우체국택배,TRK961530,부산광역시 동대문구 가락가 224-45 (지연백마을),2025-09-08T13:29:35.358734Z,2025-09-08T13:29:35.358734Z
match_0013,wish_0117,request_0234,394,user_0133,shelter_0019,relief_item_0073,배송완료,2025-02-01T00:14:03,2025-02-02T00:14:03,2025-02-02T03:14:03,2025-02-02T04:14:03,CJ대한통운,TRK506881,경상남도 제천시 서초대길 638-5,2025-09-08T13:29:35.358734Z,2025-09-08T13:29:35.358734Z
match_0014,wish_0231,request_0162,295,user_0053,shelter_0066,relief_item_0102,검수완료,2025-09-06T22:17:45,2025-09-07T22:17:45,2025-09-08T01:17:45,2025-09-08T02:17:45,CJ대한통운,TRK431773,광주광역시 도봉구 영동대길 172,2025-09-08T13:29:35.358734Z,2025-09-08T13:29:35.358734Z
match_0015,wish_0009,request_0100,144,user_0156,shelter_0045,relief_item_0114,매칭완료,2025-08-24T07:29:25,2025-08-25T07:29:25,2025-08-25T10:29:25,2025-08-25T11:29:25,우체국택배,TRK106185,세종특별자치시 중랑구 백제고분거리 852,2025-09-08T13:29:35.359733Z,2025-09-08T13:29:35.359733Z
match_0016,wish_0033,request_0194,46,user_0024,shelter_0064,relief_item_0158,취소,2025-02-06T17:02:20,2025-02-07T17:02:20,2025-02-07T20:02:20,2025-02-07T21:02:20,한진택배,TRK834928,강원도 청주시 상당구 삼성길 246-63 (은정김동),2025-09-08T13:29:35.359733Z,2025-09-08T13:29:35.359733Z
match_0017,wish_0038,request_0092,28,user_0182,shelter_0034,relief_item_0113,취소,2025-08-30T16:09:43,2025-08-31T16:09:43,2025-08-31T19:09:43,2025-08-31T20:09:43,한진택배,TRK403915,강원도 인제군 오금거리 589 (유진윤이읍),2025-09-08T13:29:35.359733Z,2025-09-08T13:29:35.359733Z
match_0018,wish_0155,request_0156,16,user_0053,shelter_0037,relief_item_0106,매칭완료,2025-03-01T15:30:22,2025-03-02T15:30:22,2025-03-02T18:30:22,2025-03-02T19:30:22,CJ대한통운,TRK902448,전라북도 서천군 개포61가 107-42,2025-09-08T13:29:35.359733Z,2025-09-08T13:29:35.359733Z
match_0019,wish_0225,request_0098,19,user_0138,shelter_0054,relief_item_0049,검수완료,2025-04-14T15:59:24,2025-04-15T15:59:24,2025-04-15T18:59:24,2025-04-15T19:59:24,우체국택배,TRK132316,경상북도 용인시 처인구 양재천080길 914-76 (순옥서마을),2025-09-08T13:29:35.359733Z,2025-09-08T13:29:35.359733Z
match_0020,wish_0243,request_0041,42,user_0002,shelter_0007,relief_item_0106,취소,2024-09-19T13:22:05,2024-09-20T13:22:05,2024-09-20T16:22:05,2024-09-20T17:22:05,한진택배,TRK243006,광주광역시 서대문구 영동대로 537,2025-09-08T13:29:35.359733Z,2025-09-08T13:29:35.359733Z
match_0021,wish_0201,request_0204,35,user_0089,shelter_0024,relief_item_0017,배송완료,2025-08-04T12:02:40,2025-08-05T12:02:40,2025-08-05T15:02:40,2025-08-05T16:02:40,우체국택배,TRK251074,제주특별자치도 양주시 논현로 914-29,2025-09-08T13:29:35.359733Z,2025-09-08T13:29:35.359733Z
match_0022,wish_0153,request_0174,14,user_0175,shelter_0053,relief_item_0063,배송완료,2025-06-12T08:52:51,2025-06-13T08:52:51,2025-06-13T11:52:51,2025-06-13T12:52:51,한진택배,TRK680412,부산광역시 강남구 서초중앙길 47-49 (지원김면),2025-09-08T13:29:35.359733Z,2025-09-08T13:29:35.359733Z
match_0023,wish_0285,request_0037,207,user_0077,shelter_0073,relief_item_0083,매칭완료,2024-09-10T12:54:06,2024-09-11T12:54:06,2024-09-11T15:54:06,2024-09-11T16:54:06,한진택배,TRK105274,전라남도 안산시 상록구 언주60길 253,2025-09-08T13:29:35.359733Z,2025-09-08T13:29:35.359733Z
match_0024,wish_0294,request_0153,97,user_0115,shelter_0026,relief_item_0154,검수완료,2025-05-08T03:59:28,2025-05-09T03:59:28,2025-05-09T06:59:28,2025-05-09T07:59:28,우체국택배,TRK674122,울산광역시 서초구 논현460가 지하387 (정자김황면),2025-09-08T13:29:35.359733Z,2025-09-08T13:29:35.359733Z
match_0025,wish_0044,request_0079,40,user_0090,shelter_0036,relief_item_0080,배송중,2025-04-29T18:20:47,2025-04-30T18:20:47,2025-04-30T21:20:47,2025-04-30T22:20:47,우체국택배,TRK877446,울산광역시 중구 테헤란311로 69-24,2025-09-08T13:29:35.359733Z,2025-09-08T13:29:35.359733Z
match_0026,wish_0177,request_0055,17,user_0165,shelter_0073,relief_item_0140,검수완료,2025-04-05T05:22:25,2025-04-06T05:22:25,2025-04-06T08:22:25,2025-04-06T09:22:25,우체국택배,TRK992819,대구광역시 송파구 오금648거리 268 (윤서이읍),2025-09-08T13:29:35.359733Z,2025-09-08T13:29:35.359733Z
match_0027,wish_0263,request_0037,53,user_0099,shelter_0073,relief_item_0036,배송중,2024-10-12T07:00:00,2024-10-13T07:00:00,2024-10-13T10:00:00,2024-10-13T11:00:00,한진택배,TRK331512,충청남도 부천시 오정구 서초중앙가 지하115 (도현이동),2025-09-08T13:29:35.359733Z,2025-09-08T13:29:35.359733Z
match_0028,wish_0130,request_0050,51,user_0025,shelter_0045,relief_item_0013,매칭완료,2025-07-01T20:08:02,2025-07-02T20:08:02,2025-07-02T23:08:02,2025-07-03T00:08:02,한진택배,TRK803571,인천광역시 마포구 반포대279로 787-27,2025-09-08T13:29:35.359733Z,2025-09-08T13:29:35.359733Z
match_0029,wish_0291,request_0219,211,user_0054,shelter_0044,relief_item_0113,매칭완료,2025-06-17T05:23:07,2025-06-18T05:23:07,2025-06-18T08:23:07,2025-06-18T09:23:07,우체국택배,TRK583671,서울특별시 영등포구 테헤란거리 359 (시우윤이읍),2025-09-08T13:29:35.359733Z,2025-09-08T13:29:35.359733Z
match_0030,wish_0282,request_0019,208,user_0158,shelter_0025,relief_item_0051,배송완료,2024-12-31T00:33:30,2025-01-01T00:33:30,2025-01-01T03:33:30,2025-01-01T04:33:30,우체국택배,TRK170634,인천광역시 동대문구 삼성가 지하893,2025-09-08T13:29:35.359733Z,2025-09-08T13:29:35.359733Z
match_0031,wish_0129,request_0026,22,user_0120,shelter_0031,relief_item_0032,배송중,2025-02-26T18:46:29,2025-02-27T18:46:29,2025-02-27T21:46:29,2025-02-27T22:46:29,우체국택배,TRK708798,인천광역시 동작구 잠실2거리 702,2025-09-08T13:29:35.359733Z,2025-09-08T13:29:35.359733Z
match_0032,wish_0250,request_0244,49,user_0062,shelter_0006,relief_item_0050,배송완료,2024-10-03T23:48:04,2024-10-04T23:48:04,2024-10-05T02:48:04,2024-10-05T03:48:04,CJ대한통운,TRK234443,제주특별자치도 양양군 백제고분길 40-19 (영순김동),2025-09-08T13:29:35.359733Z,2025-09-08T13:29:35.359733Z
match_0033,wish_0121,request_0026,85,user_0145,shelter_0031,relief_item_0011,배송완료,2025-04-15T05:35:09,2025-04-16T05:35:09,2025-04-16T08:35:09,2025-04-16T09:35:09,우체국택배,TRK173199,울산광역시 강동구 언주로 지하559,2025-09-08T13:29:35.359733Z,2025-09-08T13:29:35.359733Z
match_0034,wish_0100,request_0082,191,user_0102,shelter_0038,relief_item_0081,검수완료,2024-10-07T09:45:17,2024-10-08T09:45:17,2024-10-08T12:45:17,2024-10-08T13:45:17,CJ대한통운,TRK444295,세종특별자치시 영등포구 양재천967길 지하628,2025-09-08T13:29:35.359733Z,2025-09-08T13:29:35.359733Z
match_0035,wish_0157,request_0178,31,user_0123,shelter_0063,relief_item_0135,취소,2024-12-14T19:17:46,2024-12-15T19:17:46,2024-12-15T22:17:46,2024-12-15T23:17:46,한진택배,TRK693024,세종특별자치시 강서구 반포대거리 294 (현숙이면),2025-09-08T13:29:35.359733Z,2025-09-08T13:29:35.359733Z
match_0036,wish_0291,request_0094,260,user_0054,shelter_0056,relief_item_0113,배송완료,2025-08-17T04:59:10,2025-08-18T04:59:10,2025-08-18T07:59:10,2025-08-18T08:59:10,CJ대한통운,TRK276831,전라남도 증평군 선릉거리 471,2025-09-08T13:29:35.360735Z,2025-09-08T13:29:35.360735Z
match_0037,wish_0003,request_0081,85,user_0047,shelter_0010,relief_item_0037,배송중,2025-02-15T01:40:19,2025-02-16T01:40:19,2025-02-16T04:40:19,2025-02-16T05:40:19,한진택배,TRK846794,경상북도 부천시 오정구 논현66가 976-50,2025-09-08T13:29:35.360735Z,2025-09-08T13:29:35.360735Z
match_0038,wish_0224,request_0071,214,user_0085,shelter_0035,relief_item_0021,배송완료,2025-03-07T17:01:33,2025-03-08T17:01:33,2025-03-08T20:01:33,2025-03-08T21:01:33,한진택배,TRK812591,대전광역시 노원구 테헤란833길 200 (지원최권리),2025-09-08T13:29:35.360735Z,2025-09-08T13:29:35.360735Z
match_0039,wish_0170,request_0225,2,user_0198,shelter_0007,relief_item_0036,검수완료,2025-02-01T06:16:38,2025-02-02T06:16:38,2025-02-02T09:16:38,2025-02-02T10:16:38,CJ대한통운,TRK566991,인천광역시 서대문구 서초중앙로 308-80 (민석김최읍),2025-09-08T13:29:35.360735Z,2025-09-08T13:29:35.360735Z
match_0040,wish_0184,request_0199,15,user_0064,shelter_0013,relief_item_0002,배송완료,2025-05-22T21:07:49,2025-05-23T21:07:49,2025-05-24T00:07:49,2025-05-24T01:07:49,CJ대한통운,TRK678469,제주특별자치도 태백시 반포대로 582 (예준신마을),2025-09-08T13:29:35.360735Z,2025-09-08T13:29:35.360735Z
match_0041,wish_0056,request_0045,8,user_0119,shelter_0030,relief_item_0073,취소,2025-07-04T10:34:11,2025-07-05T10:34:11,2025-07-05T13:34:11,2025-07-05T14:34:11,한진택배,TRK982683,경상북도 아산시 테헤란가 252-95,2025-09-08T13:29:35.360735Z,2025-09-08T13:29:35.360735Z
match_0042,wish_0144,request_0220,196,user_0010,shelter_0014,relief_item_0036,배송중,2024-10-29T09:35:40,2024-10-30T09:35:40,2024-10-30T12:35:40,2024-10-30T13:35:40,우체국택배,TRK305973,전라남도 금산군 오금로 22-2 (정웅김면),2025-09-08T13:29:35.360735Z,2025-09-08T13:29:35.360735Z
match_0043,wish_0135,request_0188,24,user_0150,shelter_0007,relief_item_0091,매칭완료,2024-11-26T12:53:45,2024-11-27T12:53:45,2024-11-27T15:53:45,2024-11-27T16:53:45,우체국택배,TRK179062,충청남도 용인시 처인구 영동대거리 487-44,2025-09-08T13:29:35.360735Z,2025-09-08T13:29:35.360735Z
match_0044,wish_0010,request_0218,67,user_0132,shelter_0047,relief_item_0030,취소,2025-06-08T22:47:25,2025-06-09T22:47:25,2025-06-10T01:47:25,2025-06-10T02:47:25,우체국택배,TRK132709,전라북도 용인시 잠실길 426-16,2025-09-08T13:29:35.360735Z,2025-09-08T13:29:35.360735Z
match_0045,wish_0298,request_0149,89,user_0145,shelter_0078,relief_item_0103,검수완료,2025-04-03T10:10:36,2025-04-04T10:10:36,2025-04-04T13:10:36,2025-04-04T14:10:36,우체국택배,TRK323095,충청북도 공주시 강남대312가 139 (경자박황마을),2025-09-08T13:29:35.360735Z,2025-09-08T13:29:35.360735Z
match_0046,wish_0019,request_0142,6,user_0030,shelter_0073,relief_item_0104,배송완료,2025-06-02T22:29:24,2025-06-03T22:29:24,2025-06-04T01:29:24,2025-06-04T02:29:24,우체국택배,TRK665892,세종특별자치시 영등포구 반포대로 353 (현지손김읍),2025-09-08T13:29:35.360735Z,2025-09-08T13:29:35.360735Z
match_0047,wish_0242,request_0168,16,user_0016,shelter_0065,relief_item_0135,배송중,2025-05-09T01:07:28,2025-05-10T01:07:28,2025-05-10T04:07:28,2025-05-10T05:07:28,CJ대한통운,TRK511564,울산광역시 광진구 오금길 729-11 (선영안김마을),2025-09-08T13:29:35.360735Z,2025-09-08T13:29:35.360735Z
match_0048,wish_0115,request_0229,102,user_0015,shelter_0018,relief_item_0032,취소,2025-02-17T22:20:22,2025-02-18T22:20:22,2025-02-19T01:20:22,2025-02-19T02:20:22,우체국택배,TRK998801,전라남도 오산시 서초대거리 502,2025-09-08T13:29:35.360735Z,2025-09-08T13:29:35.360735Z
match_0049,wish_0149,request_0035,65,user_0085,shelter_0046,relief_item_0029,검수완료,2025-01-10T09:59:52,2025-01-11T09:59:52,2025-01-11T12:59:52,2025-01-11T13:59:52,우체국택배,TRK635205,경기도 예산군 양재천거리 346-6,2025-09-08T13:29:35.360735Z,2025-09-08T13:29:35.360735Z
match_0050,wish_0047,request_0102,76,user_0172,shelter_0068,relief_item_0109,배송완료,2024-12-23T15:45:14,2024-12-24T15:45:14,2024-12-24T18:45:14,2024-12-24T19:45:14,우체국택배,TRK111106,강원도 연천군 테헤란로 310 (시우박이면),2025-09-08T13:29:35.360735Z,2025-09-08T13:29:35.360735Z
match_0051,wish_0123,request_0218,107,user_0159,shelter_0047,relief_item_0008,취소,2025-06-06T07:54:09,2025-06-07T07:54:09,2025-06-07T10:54:09,2025-06-07T11:54:09,우체국택배,TRK273899,전라남도 포천시 선릉525거리 501-37 (병철박장면),2025-09-08T13:29:35.360735Z,2025-09-08T13:29:35.360735Z
match_0052,wish_0264,request_0036,25,user_0191,shelter_0064,relief_item_0089,검수완료,2025-08-09T06:18:02,2025-08-10T06:18:02,2025-08-10T09:18:02,2025-08-10T10:18:02,한진택배,TRK287847,서울특별시 동구 봉은사길 383-9,2025-09-08T13:29:35.360735Z,2025-09-08T13:29:35.360735Z
match_0053,wish_0290,request_0243,3,user_0175,shelter_0021,relief_item_0141,취소,2024-11-07T12:10:27,2024-11-08T12:10:27,2024-11-08T15:10:27,2024-11-08T16:10:27,우체국택배,TRK253300,강원도 성남시 분당구 압구정거리 597-81,2025-09-08T13:29:35.360735Z,2025-09-08T13:29:35.360735Z
match_0054,wish_0248,request_0241,60,user_0005,shelter_0058,relief_item_0129,배송완료,2025-08-13T02:17:52,2025-08-14T02:17:52,2025-08-14T05:17:52,2025-08-14T06:17:52,한진택배,TRK329448,전라남도 청주시 상당구 백제고분로 205 (승민오동),2025-09-08T13:29:35.360735Z,2025-09-08T13:29:35.360735Z
match_0055,wish_0250,request_0060,49,user_0062,shelter_0069,relief_item_0050,매칭완료,2024-09-10T04:32:06,2024-09-11T04:32:06,2024-09-11T07:32:06,2024-09-11T08:32:06,CJ대한통운,TRK487380,충청남도 고양시 덕양구 학동가 198 (은지오박읍),2025-09-08T13:29:35.360735Z,2025-09-08T13:29:35.360735Z
match_0056,wish_0120,request_0011,19,user_0040,shelter_0024,relief_item_0044,배송중,2025-03-09T22:05:29,2025-03-10T22:05:29,2025-03-11T01:05:29,2025-03-11T02:05:29,우체국택배,TRK929906,서울특별시 양천구 서초대로 998-26 (성수정우동),2025-09-08T13:29:35.360735Z,2025-09-08T13:29:35.360735Z
match_0057,wish_0185,request_0100,195,user_0193,shelter_0045,relief_item_0069,검수완료,2025-06-08T15:56:18,2025-06-09T15:56:18,2025-06-09T18:56:18,2025-06-09T19:56:18,CJ대한통운,TRK148693,인천광역시 동대문구 언주6거리 지하423,2025-09-08T13:29:35.361733Z,2025-09-08T13:29:35.361733Z
match_0058,wish_0021,request_0167,70,user_0112,shelter_0044,relief_item_0028,배송완료,2025-03-24T11:05:41,2025-03-25T11:05:41,2025-03-25T14:05:41,2025-03-25T15:05:41,한진택배,TRK837920,인천광역시 마포구 영동대380거리 67 (민수이동),2025-09-08T13:29:35.361733Z,2025-09-08T13:29:35.361733Z
match_0059,wish_0267,request_0163,92,user_0059,shelter_0009,relief_item_0092,배송완료,2025-05-07T10:06:38,2025-05-08T10:06:38,2025-05-08T13:06:38,2025-05-08T14:06:38,우체국택배,TRK376106,강원도 청주시 서원구 압구정159거리 583 (예지이이리),2025-09-08T13:29:35.361733Z,2025-09-08T13:29:35.361733Z
match_0060,wish_0297,request_0140,4,user_0064,shelter_0051,relief_item_0091,취소,2025-01-30T13:30:56,2025-01-31T13:30:56,2025-01-31T16:30:56,2025-01-31T17:30:56,한진택배,TRK494956,전라북도 음성군 삼성339길 420-60 (정식안노리),2025-09-08T13:29:35.361733Z,2025-09-08T13:29:35.361733Z
match_0061,wish_0194,request_0094,5,user_0145,shelter_0056,relief_item_0029,취소,2025-03-07T18:01:14,2025-03-08T18:01:14,2025-03-08T21:01:14,2025-03-08T22:01:14,CJ대한통운,TRK494609,경상남도 이천시 개포가 808 (준영문김면),2025-09-08T13:29:35.361733Z,2025-09-08T13:29:35.361733Z
match_0062,wish_0115,request_0133,12,user_0015,shelter_0020,relief_item_0032,검수완료,2024-09-14T02:45:28,2024-09-15T02:45:28,2024-09-15T05:45:28,2024-09-15T06:45:28,CJ대한통운,TRK956934,충청북도 이천시 논현로 484-20 (정웅김이면),2025-09-08T13:29:35.361733Z,2025-09-08T13:29:35.361733Z
match_0063,wish_0177,request_0125,17,user_0165,shelter_0056,relief_item_0140,검수완료,2025-07-27T22:49:33,2025-07-28T22:49:33,2025-07-29T01:49:33,2025-07-29T02:49:33,우체국택배,TRK106918,인천광역시 중랑구 백제고분766길 362 (민재이리),2025-09-08T13:29:35.361733Z,2025-09-08T13:29:35.361733Z
match_0064,wish_0257,request_0226,9,user_0011,shelter_0023,relief_item_0059,검수완료,2025-05-02T18:00:15,2025-05-03T18:00:15,2025-05-03T21:00:15,2025-05-03T22:00:15,한진택배,TRK341162,대구광역시 성북구 논현70거리 646-40 (수빈최박면),2025-09-08T13:29:35.361733Z,2025-09-08T13:29:35.361733Z
match_0065,wish_0040,request_0132,42,user_0199,shelter_0034,relief_item_0087,배송완료,2025-06-17T03:57:20,2025-06-18T03:57:20,2025-06-18T06:57:20,2025-06-18T07:57:20,한진택배,TRK257538,대구광역시 은평구 학동7거리 215-42 (지현배리),2025-09-08T13:29:35.361733Z,2025-09-08T13:29:35.361733Z
match_0066,wish_0096,request_0041,14,user_0156,shelter_0007,relief_item_0113,배송완료,2025-07-11T06:17:52,2025-07-12T06:17:52,2025-07-12T09:17:52,2025-07-12T10:17:52,우체국택배,TRK852146,대전광역시 영등포구 논현5길 243-32 (서연손이동),2025-09-08T13:29:35.361733Z,2025-09-08T13:29:35.361733Z
match_0067,wish_0061,request_0170,19,user_0112,shelter_0043,relief_item_0024,배송중,2025-02-04T21:12:30,2025-02-05T21:12:30,2025-02-06T00:12:30,2025-02-06T01:12:30,CJ대한통운,TRK950576,전라남도 안양시 반포대417가 729,2025-09-08T13:29:35.361733Z,2025-09-08T13:29:35.361733Z
match_0068,wish_0170,request_0185,2,user_0198,shelter_0029,relief_item_0036,매칭완료,2024-11-03T06:21:59,2024-11-04T06:21:59,2024-11-04T09:21:59,2024-11-04T10:21:59,CJ대한통운,TRK808029,서울특별시 강서구 언주로 845-80 (보람안성리),2025-09-08T13:29:35.362719Z,2025-09-08T13:29:35.362719Z
match_0069,wish_0246,request_0123,2,user_0125,shelter_0049,relief_item_0005,취소,2025-01-08T16:59:37,2025-01-09T16:59:37,2025-01-09T19:59:37,2025-01-09T20:59:37,한진택배,TRK778700,충청남도 계룡시 양재천로 819-65,2025-09-08T13:29:35.362719Z,2025-09-08T13:29:35.362719Z
match_0070,wish_0211,request_0006,204,user_0018,shelter_0014,relief_item_0026,배송중,2024-12-27T09:24:58,2024-12-28T09:24:58,2024-12-28T12:24:58,2024-12-28T13:24:58,한진택배,TRK234097,경상북도 동해시 양재천거리 304-4,2025-09-08T13:29:35.362719Z,2025-09-08T13:29:35.362719Z
match_0071,wish_0294,request_0152,97,user_0115,shelter_0026,relief_item_0154,배송중,2024-09-19T21:21:59,2024-09-20T21:21:59,2024-09-21T00:21:59,2024-09-21T01:21:59,한진택배,TRK760120,강원도 양주시 테헤란68길 지하455 (상호이이마을),2025-09-08T13:29:35.362719Z,2025-09-08T13:29:35.362719Z
match_0072,wish_0263,request_0011,53,user_0099,shelter_0024,relief_item_0036,취소,2025-03-03T18:06:26,2025-03-04T18:06:26,2025-03-04T21:06:26,2025-03-04T22:06:26,한진택배,TRK158627,대구광역시 영등포구 삼성로 889-42 (주원이오마을),2025-09-08T13:29:35.362719Z,2025-09-08T13:29:35.362719Z
match_0073,wish_0086,request_0067,122,user_0032,shelter_0073,relief_item_0095,배송중,2024-09-18T14:05:11,2024-09-19T14:05:11,2024-09-19T17:05:11,2024-09-19T18:05:11,우체국택배,TRK525151,전라남도 여주시 삼성로 지하332 (지영김읍),2025-09-08T13:29:35.362719Z,2025-09-08T13:29:35.362719Z
match_0074,wish_0289,request_0164,28,user_0030,shelter_0025,relief_item_0145,매칭완료,2025-03-20T14:05:40,2025-03-21T14:05:40,2025-03-21T17:05:40,2025-03-21T18:05:40,우체국택배,TRK863336,부산광역시 광진구 봉은사길 773-47,2025-09-08T13:29:35.362719Z,2025-09-08T13:29:35.362719Z
match_0075,wish_0146,request_0243,34,user_0157,shelter_0021,relief_item_0082,매칭완료,2025-01-25T08:58:10,2025-01-26T08:58:10,2025-01-26T11:58:10,2025-01-26T12:58:10,한진택배,TRK571023,부산광역시 마포구 학동68로 658 (영희최김읍),2025-09-08T13:29:35.362719Z,2025-09-08T13:29:35.362719Z
match_0076,wish_0242,request_0223,16,user_0016,shelter_0054,relief_item_0135,검수완료,2025-03-01T21:02:19,2025-03-02T21:02:19,2025-03-03T00:02:19,2025-03-03T01:02:19,한진택배,TRK330019,강원도 음성군 언주0로 491,2025-09-08T13:29:35.362719Z,2025-09-08T13:29:35.362719Z
match_0077,wish_0211,request_0154,141,user_0018,shelter_0004,relief_item_0026,배송중,2024-09-25T03:52:53,2024-09-26T03:52:53,2024-09-26T06:52:53,2024-09-26T07:52:53,우체국택배,TRK960307,인천광역시 강동구 테헤란길 331,2025-09-08T13:29:35.362719Z,2025-09-08T13:29:35.362719Z
match_0078,wish_0094,request_0160,18,user_0015,shelter_0055,relief_item_0020,취소,2025-02-06T04:43:49,2025-02-07T04:43:49,2025-02-07T07:43:49,2025-02-07T08:43:49,CJ대한통운,TRK275868,경기도 양구군 서초중앙6로 지하205 (영길최동),2025-09-08T13:29:35.362719Z,2025-09-08T13:29:35.362719Z
match_0079,wish_0176,request_0237,34,user_0146,shelter_0029,relief_item_0155,검수완료,2025-01-22T09:12:17,2025-01-23T09:12:17,2025-01-23T12:12:17,2025-01-23T13:12:17,우체국택배,TRK719284,대전광역시 구로구 개포길 8-81,2025-09-08T13:29:35.362719Z,2025-09-08T13:29:35.362719Z
match_0080,wish_0036,request_0059,205,user_0039,shelter_0036,relief_item_0016,검수완료,2025-06-24T17:40:55,2025-06-25T17:40:55,2025-06-25T20:40:55,2025-06-25T21:40:55,CJ대한통운,TRK238635,광주광역시 금천구 서초대23거리 335-34 (상훈이김마을),2025-09-08T13:29:35.362719Z,2025-09-08T13:29:35.362719Z
match_0081,wish_0056,request_0005,204,user_0119,shelter_0041,relief_item_0073,배송중,2025-05-19T16:18:05,2025-05-20T16:18:05,2025-05-20T19:18:05,2025-05-20T20:18:05,우체국택배,TRK628859,충청남도 안산시 단원구 도산대가 205-98 (정순장손면),2025-09-08T13:29:35.362719Z,2025-09-08T13:29:35.362719Z
match_0082,wish_0215,request_0212,52,user_0148,shelter_0049,relief_item_0154,배송중,2025-01-26T20:55:19,2025-01-27T20:55:19,2025-01-27T23:55:19,2025-01-28T00:55:19,우체국택배,TRK200976,경기도 홍성군 석촌호수거리 25-40 (영수김면),2025-09-08T13:29:35.362719Z,2025-09-08T13:29:35.362719Z
match_0083,wish_0091,request_0122,43,user_0084,shelter_0038,relief_item_0076,취소,2024-11-27T20:04:46,2024-11-28T20:04:46,2024-11-28T23:04:46,2024-11-29T00:04:46,우체국택배,TRK140932,경상북도 옥천군 반포대92가 612 (은정장심동),2025-09-08T13:29:35.362719Z,2025-09-08T13:29:35.362719Z
match_0084,wish_0273,request_0129,107,user_0023,shelter_0027,relief_item_0048,매칭완료,2025-05-06T01:43:14,2025-05-07T01:43:14,2025-05-07T04:43:14,2025-05-07T05:43:14,한진택배,TRK605666,서울특별시 남구 백제고분로 953-1,2025-09-08T13:29:35.362719Z,2025-09-08T13:29:35.362719Z
match_0085,wish_0067,request_0231,195,user_0158,shelter_0017,relief_item_0002,취소,2025-01-04T13:03:35,2025-01-05T13:03:35,2025-01-05T16:03:35,2025-01-05T17:03:35,우체국택배,TRK967719,경상북도 영동군 봉은사로 지하221 (현정서면),2025-09-08T13:29:35.363734Z,2025-09-08T13:29:35.363734Z
match_0086,wish_0001,request_0230,10,user_0178,shelter_0071,relief_item_0069,검수완료,2024-10-08T06:01:54,2024-10-09T06:01:54,2024-10-09T09:01:54,2024-10-09T10:01:54,우체국택배,TRK541119,울산광역시 관악구 양재천로 146 (현준남나읍),2025-09-08T13:29:35.363734Z,2025-09-08T13:29:35.363734Z
match_0087,wish_0190,request_0224,21,user_0035,shelter_0059,relief_item_0123,매칭완료,2024-10-25T10:14:36,2024-10-26T10:14:36,2024-10-26T13:14:36,2024-10-26T14:14:36,우체국택배,TRK655552,세종특별자치시 동대문구 봉은사로 891,2025-09-08T13:29:35.363734Z,2025-09-08T13:29:35.363734Z
match_0088,wish_0220,request_0059,27,user_0077,shelter_0036,relief_item_0097,검수완료,2025-08-18T22:57:09,2025-08-19T22:57:09,2025-08-20T01:57:09,2025-08-20T02:57:09,CJ대한통운,TRK467544,광주광역시 종로구 학동231가 지하31 (명자류리),2025-09-08T13:29:35.363734Z,2025-09-08T13:29:35.363734Z
match_0089,wish_0295,request_0026,85,user_0130,shelter_0031,relief_item_0108,검수완료,2024-11-15T16:03:52,2024-11-16T16:03:52,2024-11-16T19:03:52,2024-11-16T20:03:52,한진택배,TRK366881,서울특별시 서초구 강남대거리 822-35,2025-09-08T13:29:35.363734Z,2025-09-08T13:29:35.363734Z
match_0090,wish_0245,request_0197,12,user_0016,shelter_0059,relief_item_0159,배송중,2024-09-18T04:16:39,2024-09-19T04:16:39,2024-09-19T07:16:39,2024-09-19T08:16:39,한진택배,TRK397026,인천광역시 성북구 압구정096가 294-47 (선영박리),2025-09-08T13:29:35.363734Z,2025-09-08T13:29:35.363734Z
match_0091,wish_0279,request_0105,13,user_0069,shelter_0076,relief_item_0127,배송완료,2025-04-08T04:41:12,2025-04-09T04:41:12,2025-04-09T07:41:12,2025-04-09T08:41:12,한진택배,TRK105735,전라남도 태안군 잠실255가 412-48,2025-09-08T13:29:35.363734Z,2025-09-08T13:29:35.363734Z
match_0092,wish_0004,request_0148,34,user_0190,shelter_0018,relief_item_0008,매칭완료,2025-03-09T06:00:04,2025-03-10T06:00:04,2025-03-10T09:00:04,2025-03-10T10:00:04,우체국택배,TRK107543,광주광역시 광진구 오금656로 907 (정웅이리),2025-09-08T13:29:35.363734Z,2025-09-08T13:29:35.363734Z
match_0093,wish_0193,request_0168,94,user_0021,shelter_0065,relief_item_0135,배송중,2025-03-02T18:12:08,2025-03-03T18:12:08,2025-03-03T21:12:08,2025-03-03T22:12:08,우체국택배,TRK943356,경기도 가평군 백제고분거리 872-74,2025-09-08T13:29:35.363734Z,2025-09-08T13:29:35.363734Z
match_0094,wish_0162,request_0105,13,user_0185,shelter_0076,relief_item_0071,배송완료,2024-11-01T21:09:56,2024-11-02T21:09:56,2024-11-03T00:09:56,2024-11-03T01:09:56,한진택배,TRK262297,경상북도 안양시 봉은사808로 261-71,2025-09-08T13:29:35.363734Z,2025-09-08T13:29:35.363734Z
match_0095,wish_0219,request_0167,144,user_0135,shelter_0044,relief_item_0082,취소,2025-05-24T19:35:53,2025-05-25T19:35:53,2025-05-25T22:35:53,2025-05-25T23:35:53,CJ대한통운,TRK373995,충청남도 청주시 흥덕구 서초중앙5거리 536-85,2025-09-08T13:29:35.363734Z,2025-09-08T13:29:35.363734Z
match_0096,wish_0275,request_0109,37,user_0142,shelter_0044,relief_item_0024,배송완료,2025-07-23T21:43:48,2025-07-24T21:43:48,2025-07-25T00:43:48,2025-07-25T01:43:48,우체국택배,TRK388946,충청남도 아산시 선릉137길 915-65 (명숙허면),2025-09-08T13:29:35.363734Z,2025-09-08T13:29:35.363734Z
match_0097,wish_0204,request_0194,14,user_0097,shelter_0064,relief_item_0097,검수완료,2024-12-11T14:46:59,2024-12-12T14:46:59,2024-12-12T17:46:59,2024-12-12T18:46:59,우체국택배,TRK921861,전라북도 고양시 덕양구 논현로 303 (영길류동),2025-09-08T13:29:35.363734Z,2025-09-08T13:29:35.363734Z
match_0098,wish_0286,request_0124,333,user_0046,shelter_0079,relief_item_0102,배송중,2024-10-04T17:25:19,2024-10-05T17:25:19,2024-10-05T20:25:19,2024-10-05T21:25:19,CJ대한통운,TRK686252,세종특별자치시 성동구 영동대609거리 384 (재호강리),2025-09-08T13:29:35.363734Z,2025-09-08T13:29:35.363734Z
match_0099,wish_0285,request_0124,207,user_0077,shelter_0079,relief_item_0083,배송완료,2025-05-13T09:24:31,2025-05-14T09:24:31,2025-05-14T12:24:31,2025-05-14T13:24:31,CJ대한통운,TRK705711,세종특별자치시 중구 삼성04가 789-13,2025-09-08T13:29:35.363734Z,2025-09-08T13:29:35.363734Z
match_0100,wish_0177,request_0199,15,user_0165,shelter_0013,relief_item_0140,검수완료,2025-02-19T20:35:53,2025-02-20T20:35:53,2025-02-20T23:35:53,2025-02-21T00:35:53,우체국택배,TRK244775,세종특별자치시 종로구 도산대17거리 85 (예지오동),2025-09-08T13:29:35.363734Z,2025-09-08T13:29:35.363734Z
match_0101,wish_0061,request_0192,19,user_0112,shelter_0064,relief_item_0024,배송중,2025-03-04T06:42:56,2025-03-05T06:42:56,2025-03-05T09:42:56,2025-03-05T10:42:56,CJ대한통운,TRK921149,전라남도 구리시 도산대48가 98 (영순최동),2025-09-08T13:29:35.363734Z,2025-09-08T13:29:35.363734Z
match_0102,wish_0083,request_0026,83,user_0052,shelter_0031,relief_item_0011,배송중,2025-09-07T00:34:51,2025-09-08T00:34:51,2025-09-08T03:34:51,2025-09-08T04:34:51,우체국택배,TRK520018,강원도 화천군 반포대거리 821 (영철김마을),2025-09-08T13:29:35.363734Z,2025-09-08T13:29:35.363734Z
match_0103,wish_0174,request_0206,36,user_0046,shelter_0034,relief_item_0010,취소,2025-03-18T10:06:27,2025-03-19T10:06:27,2025-03-19T13:06:27,2025-03-19T14:06:27,우체국택배,TRK817817,경상남도 김포시 도산대거리 437-15,2025-09-08T13:29:35.363734Z,2025-09-08T13:29:35.363734Z
match_0104,wish_0027,request_0042,45,user_0198,shelter_0055,relief_item_0127,검수완료,2025-06-02T10:14:29,2025-06-03T10:14:29,2025-06-03T13:14:29,2025-06-03T14:14:29,우체국택배,TRK105547,강원도 고양시 서초중앙0가 45,2025-09-08T13:29:35.363734Z,2025-09-08T13:29:35.363734Z
match_0105,wish_0047,request_0211,76,user_0172,shelter_0042,relief_item_0109,배송중,2025-01-04T02:09:19,2025-01-05T02:09:19,2025-01-05T05:09:19,2025-01-05T06:09:19,CJ대한통운,TRK729402,충청남도 가평군 언주711길 759-78,2025-09-08T13:29:35.363734Z,2025-09-08T13:29:35.363734Z
match_0106,wish_0223,request_0023,137,user_0136,shelter_0015,relief_item_0035,매칭완료,2025-04-15T06:08:12,2025-04-16T06:08:12,2025-04-16T09:08:12,2025-04-16T10:08:12,CJ대한통운,TRK332542,세종특별자치시 강서구 선릉8거리 429,2025-09-08T13:29:35.364732Z,2025-09-08T13:29:35.364732Z
match_0107,wish_0190,request_0021,21,user_0035,shelter_0004,relief_item_0123,취소,2025-03-11T15:32:44,2025-03-12T15:32:44,2025-03-12T18:32:44,2025-03-12T19:32:44,한진택배,TRK859687,광주광역시 마포구 학동1거리 지하487,2025-09-08T13:29:35.364732Z,2025-09-08T13:29:35.364732Z
match_0108,wish_0197,request_0239,59,user_0131,shelter_0002,relief_item_0115,검수완료,2025-02-11T13:22:17,2025-02-12T13:22:17,2025-02-12T16:22:17,2025-02-12T17:22:17,우체국택배,TRK788049,충청북도 부천시 소사구 역삼로 681-26,2025-09-08T13:29:35.364732Z,2025-09-08T13:29:35.364732Z
match_0109,wish_0267,request_0074,92,user_0059,shelter_0026,relief_item_0092,취소,2025-02-28T22:42:22,2025-03-01T22:42:22,2025-03-02T01:42:22,2025-03-02T02:42:22,한진택배,TRK911187,광주광역시 강서구 오금길 119-72 (영일김읍),2025-09-08T13:29:35.364732Z,2025-09-08T13:29:35.364732Z
match_0110,wish_0090,request_0164,69,user_0047,shelter_0025,relief_item_0140,검수완료,2025-06-25T15:56:32,2025-06-26T15:56:32,2025-06-26T18:56:32,2025-06-26T19:56:32,CJ대한통운,TRK111230,경기도 양주시 서초대로 682 (서윤김양읍),2025-09-08T13:29:35.364732Z,2025-09-08T13:29:35.364732Z
match_0111,wish_0104,request_0218,33,user_0019,shelter_0047,relief_item_0116,취소,2025-01-10T18:57:39,2025-01-11T18:57:39,2025-01-11T21:57:39,2025-01-11T22:57:39,CJ대한통운,TRK304206,경상남도 고양시 일산동구 오금가 220,2025-09-08T13:29:35.364732Z,2025-09-08T13:29:35.364732Z
match_0112,wish_0018,request_0201,27,user_0110,shelter_0044,relief_item_0147,취소,2024-10-17T03:55:05,2024-10-18T03:55:05,2024-10-18T06:55:05,2024-10-18T07:55:05,우체국택배,TRK640869,경상북도 천안시 서북구 테헤란길 882,2025-09-08T13:29:35.364732Z,2025-09-08T13:29:35.364732Z
match_0113,wish_0119,request_0158,29,user_0137,shelter_0003,relief_item_0024,배송중,2025-07-01T01:16:29,2025-07-02T01:16:29,2025-07-02T04:16:29,2025-07-02T05:16:29,우체국택배,TRK137812,세종특별자치시 구로구 석촌호수길 860,2025-09-08T13:29:35.364732Z,2025-09-08T13:29:35.364732Z
match_0114,wish_0185,request_0062,13,user_0193,shelter_0015,relief_item_0069,매칭완료,2025-05-09T15:58:00,2025-05-10T15:58:00,2025-05-10T18:58:00,2025-05-10T19:58:00,한진택배,TRK191061,인천광역시 서구 선릉6로 29-25 (준혁조문읍),2025-09-08T13:29:35.364732Z,2025-09-08T13:29:35.364732Z
match_0115,wish_0142,request_0200,99,user_0096,shelter_0046,relief_item_0087,검수완료,2025-03-13T20:44:46,2025-03-14T20:44:46,2025-03-14T23:44:46,2025-03-15T00:44:46,CJ대한통운,TRK802191,충청북도 구리시 서초중앙6로 576 (예원황동),2025-09-08T13:29:35.364732Z,2025-09-08T13:29:35.364732Z
match_0116,wish_0203,request_0104,95,user_0035,shelter_0046,relief_item_0108,취소,2025-01-30T04:55:10,2025-01-31T04:55:10,2025-01-31T07:55:10,2025-01-31T08:55:10,한진택배,TRK642892,울산광역시 강북구 가락48거리 524 (준영문한마을),2025-09-08T13:29:35.364732Z,2025-09-08T13:29:35.364732Z
match_0117,wish_0008,request_0189,43,user_0021,shelter_0061,relief_item_0070,매칭완료,2025-09-02T07:56:53,2025-09-03T07:56:53,2025-09-03T10:56:53,2025-09-03T11:56:53,한진택배,TRK676289,경상남도 가평군 서초중앙거리 632-81,2025-09-08T13:29:35.364732Z,2025-09-08T13:29:35.364732Z
match_0118,wish_0146,request_0186,34,user_0157,shelter_0016,relief_item_0082,취소,2024-10-03T03:19:26,2024-10-04T03:19:26,2024-10-04T06:19:26,2024-10-04T07:19:26,우체국택배,TRK465004,광주광역시 강북구 백제고분355길 357-40 (정숙박리),2025-09-08T13:29:35.364732Z,2025-09-08T13:29:35.364732Z
match_0119,wish_0178,request_0247,17,user_0130,shelter_0021,relief_item_0120,배송완료,2024-12-25T20:44:51,2024-12-26T20:44:51,2024-12-26T23:44:51,2024-12-27T00:44:51,한진택배,TRK735818,울산광역시 서초구 백제고분길 지하195 (예은최김리),2025-09-08T13:29:35.364732Z,2025-09-08T13:29:35.364732Z
match_0120,wish_0100,request_0117,191,user_0102,shelter_0041,relief_item_0081,검수완료,2025-04-22T15:01:37,2025-04-23T15:01:37,2025-04-23T18:01:37,2025-04-23T19:01:37,우체국택배,TRK104877,강원도 옥천군 가락3거리 384,2025-09-08T13:29:35.364732Z,2025-09-08T13:29:35.364732Z
match_0121,wish_0134,request_0045,8,user_0024,shelter_0030,relief_item_0101,검수완료,2024-12-13T02:12:22,2024-12-14T02:12:22,2024-12-14T05:12:22,2024-12-14T06:12:22,우체국택배,TRK211636,경상남도 보은군 석촌호수85길 74-33 (현숙송리),2025-09-08T13:29:35.364732Z,2025-09-08T13:29:35.364732Z
match_0122,wish_0287,request_0019,202,user_0178,shelter_0025,relief_item_0126,취소,2024-09-09T23:11:03,2024-09-10T23:11:03,2024-09-11T02:11:03,2024-09-11T03:11:03,CJ대한통운,TRK456480,인천광역시 동구 서초중앙89거리 431-26,2025-09-08T13:29:35.364732Z,2025-09-08T13:29:35.364732Z
match_0123,wish_0060,request_0206,33,user_0196,shelter_0034,relief_item_0042,배송완료,2024-12-20T21:14:52,2024-12-21T21:14:52,2024-12-22T00:14:52,2024-12-22T01:14:52,우체국택배,TRK952646,울산광역시 관악구 백제고분7가 123-18,2025-09-08T13:29:35.364732Z,2025-09-08T13:29:35.364732Z
match_0124,wish_0295,request_0065,134,user_0130,shelter_0016,relief_item_0108,검수완료,2024-11-18T00:45:05,2024-11-19T00:45:05,2024-11-19T03:45:05,2024-11-19T04:45:05,CJ대한통운,TRK690525,대전광역시 강동구 도산대로 562,2025-09-08T13:29:35.364732Z,2025-09-08T13:29:35.364732Z
match_0125,wish_0248,request_0198,32,user_0005,shelter_0006,relief_item_0129,배송중,2025-04-04T13:22:10,2025-04-05T13:22:10,2025-04-05T16:22:10,2025-04-05T17:22:10,CJ대한통운,TRK913274,대구광역시 동구 오금가 913 (경수이마을),2025-09-08T13:29:35.364732Z,2025-09-08T13:29:35.364732Z
match_0126,wish_0235,request_0175,110,user_0082,shelter_0053,relief_item_0053,검수완료,2025-06-15T03:37:47,2025-06-16T03:37:47,2025-06-16T06:37:47,2025-06-16T07:37:47,우체국택배,TRK128679,광주광역시 마포구 언주길 770 (채원이김동),2025-09-08T13:29:35.364732Z,2025-09-08T13:29:35.364732Z
match_0127,wish_0247,request_0030,132,user_0004,shelter_0018,relief_item_0005,배송완료,2025-04-11T17:41:11,2025-04-12T17:41:11,2025-04-12T20:41:11,2025-04-12T21:41:11,한진택배,TRK501261,인천광역시 동대문구 논현902로 829-63 (상철홍읍),2025-09-08T13:29:35.364732Z,2025-09-08T13:29:35.364732Z
match_0128,wish_0113,request_0174,27,user_0120,shelter_0053,relief_item_0133,배송중,2024-12-11T16:33:53,2024-12-12T16:33:53,2024-12-12T19:33:53,2024-12-12T20:33:53,CJ대한통운,TRK532459,충청북도 안산시 상록구 강남대로 688 (진우고홍리),2025-09-08T13:29:35.365732Z,2025-09-08T13:29:35.365732Z
match_0129,wish_0181,request_0133,12,user_0194,shelter_0020,relief_item_0050,취소,2024-11-30T13:39:05,2024-12-01T13:39:05,2024-12-01T16:39:05,2024-12-01T17:39:05,한진택배,TRK834861,강원도 안양시 반포대26가 784-35,2025-09-08T13:29:35.365732Z,2025-09-08T13:29:35.365732Z
match_0130,wish_0135,request_0064,24,user_0150,shelter_0045,relief_item_0091,배송완료,2024-11-27T08:40:18,2024-11-28T08:40:18,2024-11-28T11:40:18,2024-11-28T12:40:18,한진택배,TRK518309,경상북도 고성군 삼성7가 211-48 (예원조리),2025-09-08T13:29:35.365732Z,2025-09-08T13:29:35.365732Z
match_0131,wish_0176,request_0020,34,user_0146,shelter_0063,relief_item_0155,취소,2024-11-13T02:09:49,2024-11-14T02:09:49,2024-11-14T05:09:49,2024-11-14T06:09:49,한진택배,TRK599704,충청남도 고양시 일산동구 영동대43거리 615 (현숙임최동),2025-09-08T13:29:35.365732Z,2025-09-08T13:29:35.365732Z
match_0132,wish_0161,request_0091,41,user_0054,shelter_0052,relief_item_0126,배송중,2025-03-03T07:58:10,2025-03-04T07:58:10,2025-03-04T10:58:10,2025-03-04T11:58:10,우체국택배,TRK382146,울산광역시 영등포구 영동대07가 92-56,2025-09-08T13:29:35.365732Z,2025-09-08T13:29:35.365732Z
match_0133,wish_0094,request_0243,18,user_0015,shelter_0021,relief_item_0020,배송중,2024-12-16T16:48:47,2024-12-17T16:48:47,2024-12-17T19:48:47,2024-12-17T20:48:47,CJ대한통운,TRK872918,인천광역시 강북구 강남대22길 614 (정희구면),2025-09-08T13:29:35.365732Z,2025-09-08T13:29:35.365732Z
match_0134,wish_0103,request_0061,88,user_0074,shelter_0040,relief_item_0126,배송중,2024-09-27T07:55:31,2024-09-28T07:55:31,2024-09-28T10:55:31,2024-09-28T11:55:31,CJ대한통운,TRK316823,강원도 제천시 학동로 538-33,2025-09-08T13:29:35.365732Z,2025-09-08T13:29:35.365732Z
match_0135,wish_0118,request_0052,19,user_0163,shelter_0039,relief_item_0142,배송중,2025-03-03T15:56:20,2025-03-04T15:56:20,2025-03-04T18:56:20,2025-03-04T19:56:20,우체국택배,TRK473321,전라북도 평택시 강남대3가 534-9,2025-09-08T13:29:35.365732Z,2025-09-08T13:29:35.365732Z
match_0136,wish_0080,request_0200,28,user_0087,shelter_0046,relief_item_0045,매칭완료,2024-12-07T17:24:40,2024-12-08T17:24:40,2024-12-08T20:24:40,2024-12-08T21:24:40,한진택배,TRK182300,서울특별시 영등포구 양재천가 242,2025-09-08T13:29:35.365732Z,2025-09-08T13:29:35.365732Z
match_0137,wish_0253,request_0158,3,user_0176,shelter_0003,relief_item_0021,매칭완료,2024-09-15T08:52:44,2024-09-16T08:52:44,2024-09-16T11:52:44,2024-09-16T12:52:44,우체국택배,TRK144316,강원도 화성시 강남대길 지하128,2025-09-08T13:29:35.365732Z,2025-09-08T13:29:35.365732Z
match_0138,wish_0247,request_0096,13,user_0004,shelter_0005,relief_item_0005,취소,2025-07-08T06:05:31,2025-07-09T06:05:31,2025-07-09T09:05:31,2025-07-09T10:05:31,CJ대한통운,TRK616256,제주특별자치도 음성군 역삼8길 334 (윤서박동),2025-09-08T13:29:35.365732Z,2025-09-08T13:29:35.365732Z
match_0139,wish_0295,request_0223,261,user_0130,shelter_0054,relief_item_0108,배송완료,2025-03-22T05:34:53,2025-03-23T05:34:53,2025-03-23T08:34:53,2025-03-23T09:34:53,CJ대한통운,TRK291755,울산광역시 광진구 도산대가 248,2025-09-08T13:29:35.365732Z,2025-09-08T13:29:35.365732Z
match_0140,wish_0262,request_0072,92,user_0145,shelter_0023,relief_item_0062,검수완료,2025-08-09T08:15:00,2025-08-10T08:15:00,2025-08-10T11:15:00,2025-08-10T12:15:00,한진택배,TRK886609,광주광역시 양천구 반포대길 지하731 (성현조동),2025-09-08T13:29:35.365732Z,2025-09-08T13:29:35.365732Z
match_0141,wish_0296,request_0033,159,user_0138,shelter_0010,relief_item_0153,매칭완료,2024-10-04T17:54:29,2024-10-05T17:54:29,2024-10-05T20:54:29,2024-10-05T21:54:29,우체국택배,TRK938095,충청북도 파주시 반포대768가 986 (은영최홍리),2025-09-08T13:29:35.365732Z,2025-09-08T13:29:35.365732Z
match_0142,wish_0217,request_0123,21,user_0077,shelter_0049,relief_item_0071,취소,2025-06-27T14:26:39,2025-06-28T14:26:39,2025-06-28T17:26:39,2025-06-28T18:26:39,한진택배,TRK626883,울산광역시 동대문구 테헤란3로 863-39 (수민이리),2025-09-08T13:29:35.365732Z,2025-09-08T13:29:35.365732Z
match_0143,wish_0178,request_0101,91,user_0130,shelter_0041,relief_item_0120,배송중,2025-01-03T00:26:34,2025-01-04T00:26:34,2025-01-04T03:26:34,2025-01-04T04:26:34,CJ대한통운,TRK226215,서울특별시 노원구 논현3가 886-76 (순자이읍),2025-09-08T13:29:35.365732Z,2025-09-08T13:29:35.365732Z
match_0144,wish_0266,request_0118,174,user_0084,shelter_0058,relief_item_0008,배송완료,2024-11-02T23:12:29,2024-11-03T23:12:29,2024-11-04T02:12:29,2024-11-04T03:12:29,우체국택배,TRK108827,인천광역시 북구 강남대67가 475,2025-09-08T13:29:35.365732Z,2025-09-08T13:29:35.365732Z
match_0145,wish_0007,request_0173,2,user_0014,shelter_0061,relief_item_0040,배송중,2024-10-29T08:16:50,2024-10-30T08:16:50,2024-10-30T11:16:50,2024-10-30T12:16:50,CJ대한통운,TRK709231,경기도 남양주시 가락로 55 (경숙이윤리),2025-09-08T13:29:35.365732Z,2025-09-08T13:29:35.365732Z
match_0146,wish_0052,request_0084,97,user_0047,shelter_0014,relief_item_0160,배송완료,2024-10-09T00:53:47,2024-10-10T00:53:47,2024-10-10T03:53:47,2024-10-10T04:53:47,우체국택배,TRK372315,대전광역시 서구 도산대15거리 945 (경수김마을),2025-09-08T13:29:35.365732Z,2025-09-08T13:29:35.365732Z
match_0147,wish_0096,request_0141,14,user_0156,shelter_0080,relief_item_0113,배송완료,2024-12-22T09:40:02,2024-12-23T09:40:02,2024-12-23T12:40:02,2024-12-23T13:40:02,한진택배,TRK382495,서울특별시 구로구 가락거리 414-43,2025-09-08T13:29:35.365732Z,2025-09-08T13:29:35.365732Z
match_0148,wish_0242,request_0246,16,user_0016,shelter_0068,relief_item_0135,취소,2025-07-15T19:23:47,2025-07-16T19:23:47,2025-07-16T22:23:47,2025-07-16T23:23:47,CJ대한통운,TRK483699,전라남도 부여군 양재천08로 지하777 (진우박장마을),2025-09-08T13:29:35.365732Z,2025-09-08T13:29:35.365732Z
match_0149,wish_0095,request_0128,4,user_0132,shelter_0055,relief_item_0041,검수완료,2025-06-18T16:22:40,2025-06-19T16:22:40,2025-06-19T19:22:40,2025-06-19T20:22:40,한진택배,TRK539450,대구광역시 서구 삼성742길 632,2025-09-08T13:29:35.365732Z,2025-09-08T13:29:35.365732Z
match_0150,wish_0191,request_0094,227,user_0107,shelter_0056,relief_item_0141,검수완료,2025-02-04T18:50:34,2025-02-05T18:50:34,2025-02-05T21:50:34,2025-02-05T22:50:34,CJ대한통운,TRK572623,울산광역시 성북구 도산대거리 지하977 (승현최리),2025-09-08T13:29:35.365732Z,2025-09-08T13:29:35.365732Z
match_0151,wish_0093,request_0147,46,user_0011,shelter_0039,relief_item_0091,배송중,2025-07-16T04:20:56,2025-07-17T04:20:56,2025-07-17T07:20:56,2025-07-17T08:20:56,우체국택배,TRK819335,경상북도 천안시 서북구 논현1길 745-62,2025-09-08T13:29:35.366737Z,2025-09-08T13:29:35.366737Z
match_0152,wish_0118,request_0209,109,user_0163,shelter_0020,relief_item_0142,매칭완료,2025-07-11T08:13:04,2025-07-12T08:13:04,2025-07-12T11:13:04,2025-07-12T12:13:04,우체국택배,TRK383062,인천광역시 양천구 오금가 686,2025-09-08T13:29:35.366737Z,2025-09-08T13:29:35.366737Z
match_0153,wish_0121,request_0143,409,user_0145,shelter_0037,relief_item_0011,검수완료,2025-03-06T04:34:26,2025-03-07T04:34:26,2025-03-07T07:34:26,2025-03-07T08:34:26,CJ대한통운,TRK305587,대전광역시 남구 강남대885거리 684-88 (은주황김동),2025-09-08T13:29:35.366737Z,2025-09-08T13:29:35.366737Z
match_0154,wish_0075,request_0205,12,user_0018,shelter_0062,relief_item_0135,배송중,2025-02-24T04:43:33,2025-02-25T04:43:33,2025-02-25T07:43:33,2025-02-25T08:43:33,CJ대한통운,TRK944804,전라북도 연천군 서초중앙609거리 지하110 (보람홍읍),2025-09-08T13:29:35.366737Z,2025-09-08T13:29:35.366737Z
match_0155,wish_0005,request_0046,5,user_0097,shelter_0039,relief_item_0108,검수완료,2025-08-16T17:52:55,2025-08-17T17:52:55,2025-08-17T20:52:55,2025-08-17T21:52:55,CJ대한통운,TRK241003,경상남도 이천시 잠실거리 430,2025-09-08T13:29:35.366737Z,2025-09-08T13:29:35.366737Z
match_0156,wish_0265,request_0137,6,user_0020,shelter_0016,relief_item_0088,배송완료,2025-04-16T17:34:29,2025-04-17T17:34:29,2025-04-17T20:34:29,2025-04-17T21:34:29,CJ대한통운,TRK414608,광주광역시 용산구 역삼가 949 (진우송읍),2025-09-08T13:29:35.366737Z,2025-09-08T13:29:35.366737Z
match_0157,wish_0129,request_0144,22,user_0120,shelter_0074,relief_item_0032,취소,2025-02-16T13:34:13,2025-02-17T13:34:13,2025-02-17T16:34:13,2025-02-17T17:34:13,한진택배,TRK517754,경기도 연천군 봉은사37가 220-52 (정희이강읍),2025-09-08T13:29:35.366737Z,2025-09-08T13:29:35.366737Z
match_0158,wish_0051,request_0177,20,user_0197,shelter_0001,relief_item_0159,배송중,2025-01-17T05:31:02,2025-01-18T05:31:02,2025-01-18T08:31:02,2025-01-18T09:31:02,한진택배,TRK325933,전라남도 논산시 학동1로 554-55,2025-09-08T13:29:35.366737Z,2025-09-08T13:29:35.366737Z
match_0159,wish_0131,request_0122,203,user_0064,shelter_0038,relief_item_0041,매칭완료,2025-03-19T00:32:58,2025-03-20T00:32:58,2025-03-20T03:32:58,2025-03-20T04:32:58,CJ대한통운,TRK880762,대구광역시 중구 서초중앙길 299,2025-09-08T13:29:35.366737Z,2025-09-08T13:29:35.366737Z
match_0160,wish_0172,request_0067,72,user_0074,shelter_0073,relief_item_0016,배송완료,2025-08-02T07:27:59,2025-08-03T07:27:59,2025-08-03T10:27:59,2025-08-03T11:27:59,CJ대한통운,TRK687569,대전광역시 서초구 도산대길 103-5 (현지강읍),2025-09-08T13:29:35.366737Z,2025-09-08T13:29:35.366737Z
match_0161,wish_0286,request_0239,59,user_0046,shelter_0002,relief_item_0102,배송완료,2025-07-12T07:48:15,2025-07-13T07:48:15,2025-07-13T10:48:15,2025-07-13T11:48:15,CJ대한통운,TRK120798,경상북도 정선군 강남대거리 852,2025-09-08T13:29:35.366737Z,2025-09-08T13:29:35.366737Z
match_0162,wish_0211,request_0032,288,user_0018,shelter_0019,relief_item_0026,배송완료,2025-05-04T15:51:19,2025-05-05T15:51:19,2025-05-05T18:51:19,2025-05-05T19:51:19,우체국택배,TRK734992,대구광역시 용산구 백제고분28로 230-89 (도윤고장리),2025-09-08T13:29:35.366737Z,2025-09-08T13:29:35.366737Z
match_0163,wish_0102,request_0148,133,user_0068,shelter_0018,relief_item_0067,취소,2025-07-20T09:00:15,2025-07-21T09:00:15,2025-07-21T12:00:15,2025-07-21T13:00:15,우체국택배,TRK780663,전라남도 양구군 양재천663거리 247-60 (예원김동),2025-09-08T13:29:35.366737Z,2025-09-08T13:29:35.366737Z
match_0164,wish_0276,request_0045,8,user_0099,shelter_0030,relief_item_0004,배송완료,2025-04-24T22:20:11,2025-04-25T22:20:11,2025-04-26T01:20:11,2025-04-26T02:20:11,CJ대한통운,TRK440881,대구광역시 성동구 테헤란1거리 594,2025-09-08T13:29:35.366737Z,2025-09-08T13:29:35.366737Z
match_0165,wish_0262,request_0125,52,user_0145,shelter_0056,relief_item_0062,검수완료,2024-12-10T14:44:32,2024-12-11T14:44:32,2024-12-11T17:44:32,2024-12-11T18:44:32,한진택배,TRK499581,경상북도 원주시 가락거리 672 (주원이면),2025-09-08T13:29:35.366737Z,2025-09-08T13:29:35.366737Z
match_0166,wish_0147,request_0119,44,user_0077,shelter_0033,relief_item_0152,배송중,2024-10-04T08:24:48,2024-10-05T08:24:48,2024-10-05T11:24:48,2024-10-05T12:24:48,한진택배,TRK771697,서울특별시 서구 개포7가 461-18,2025-09-08T13:29:35.366737Z,2025-09-08T13:29:35.366737Z
match_0167,wish_0173,request_0108,5,user_0147,shelter_0068,relief_item_0060,취소,2025-07-22T12:21:53,2025-07-23T12:21:53,2025-07-23T15:21:53,2025-07-23T16:21:53,우체국택배,TRK524434,울산광역시 서초구 석촌호수202거리 499 (성수손김마을),2025-09-08T13:29:35.366737Z,2025-09-08T13:29:35.366737Z
match_0168,wish_0037,request_0021,243,user_0022,shelter_0004,relief_item_0130,배송중,2025-03-20T01:48:03,2025-03-21T01:48:03,2025-03-21T04:48:03,2025-03-21T05:48:03,CJ대한통운,TRK339303,인천광역시 송파구 선릉로 729 (은정이김리),2025-09-08T13:29:35.366737Z,2025-09-08T13:29:35.366737Z
match_0169,wish_0161,request_0082,41,user_0054,shelter_0038,relief_item_0126,배송완료,2025-07-05T08:16:05,2025-07-06T08:16:05,2025-07-06T11:16:05,2025-07-06T12:16:05,우체국택배,TRK380465,충청남도 평택시 오금848가 628,2025-09-08T13:29:35.366737Z,2025-09-08T13:29:35.366737Z
match_0170,wish_0203,request_0070,95,user_0035,shelter_0071,relief_item_0108,검수완료,2025-09-03T13:04:05,2025-09-04T13:04:05,2025-09-04T16:04:05,2025-09-04T17:04:05,CJ대한통운,TRK884225,경상북도 단양군 반포대거리 46,2025-09-08T13:29:35.366737Z,2025-09-08T13:29:35.366737Z
match_0171,wish_0267,request_0248,92,user_0059,shelter_0028,relief_item_0092,검수완료,2024-12-28T04:19:54,2024-12-29T04:19:54,2024-12-29T07:19:54,2024-12-29T08:19:54,CJ대한통운,TRK275445,서울특별시 마포구 서초중앙가 586-30 (정자김이동),2025-09-08T13:29:35.366737Z,2025-09-08T13:29:35.366737Z
match_0172,wish_0095,request_0219,211,user_0132,shelter_0044,relief_item_0041,매칭완료,2025-07-22T21:16:00,2025-07-23T21:16:00,2025-07-24T00:16:00,2025-07-24T01:16:00,한진택배,TRK863124,전라북도 여주시 압구정303가 지하407,2025-09-08T13:29:35.366737Z,2025-09-08T13:29:35.366737Z
match_0173,wish_0121,request_0170,147,user_0145,shelter_0043,relief_item_0011,배송완료,2024-09-09T13:42:30,2024-09-10T13:42:30,2024-09-10T16:42:30,2024-09-10T17:42:30,우체국택배,TRK834733,경기도 성남시 분당구 잠실608거리 509-75 (미정최동),2025-09-08T13:29:35.367733Z,2025-09-08T13:29:35.367733Z
match_0174,wish_0041,request_0054,13,user_0162,shelter_0010,relief_item_0086,배송중,2025-08-06T20:05:26,2025-08-07T20:05:26,2025-08-07T23:05:26,2025-08-08T00:05:26,CJ대한통운,TRK208013,경상북도 공주시 역삼306로 970-62,2025-09-08T13:29:35.367733Z,2025-09-08T13:29:35.367733Z
match_0175,wish_0049,request_0017,99,user_0125,shelter_0069,relief_item_0050,검수완료,2024-09-16T17:35:10,2024-09-17T17:35:10,2024-09-17T20:35:10,2024-09-17T21:35:10,우체국택배,TRK156440,대구광역시 송파구 역삼446길 747,2025-09-08T13:29:35.367733Z,2025-09-08T13:29:35.367733Z
match_0176,wish_0014,request_0198,1,user_0084,shelter_0006,relief_item_0031,검수완료,2024-11-11T08:27:35,2024-11-12T08:27:35,2024-11-12T11:27:35,2024-11-12T12:27:35,우체국택배,TRK902156,부산광역시 강동구 양재천811길 지하874 (하은김면),2025-09-08T13:29:35.367733Z,2025-09-08T13:29:35.367733Z
match_0177,wish_0043,request_0027,5,user_0039,shelter_0055,relief_item_0086,배송완료,2024-11-17T04:51:31,2024-11-18T04:51:31,2024-11-18T07:51:31,2024-11-18T08:51:31,우체국택배,TRK262816,세종특별자치시 노원구 서초대가 493-86,2025-09-08T13:29:35.367733Z,2025-09-08T13:29:35.367733Z
match_0178,wish_0044,request_0168,161,user_0090,shelter_0065,relief_item_0080,검수완료,2025-05-05T07:02:21,2025-05-06T07:02:21,2025-05-06T10:02:21,2025-05-06T11:02:21,CJ대한통운,TRK340497,부산광역시 은평구 영동대길 559 (예지백강동),2025-09-08T13:29:35.367733Z,2025-09-08T13:29:35.367733Z
match_0179,wish_0127,request_0189,43,user_0184,shelter_0061,relief_item_0082,배송완료,2024-10-03T07:58:16,2024-10-04T07:58:16,2024-10-04T10:58:16,2024-10-04T11:58:16,CJ대한통운,TRK756912,충청북도 가평군 서초대길 31,2025-09-08T13:29:35.367733Z,2025-09-08T13:29:35.367733Z
match_0180,wish_0065,request_0034,48,user_0183,shelter_0059,relief_item_0086,취소,2025-01-18T19:26:51,2025-01-19T19:26:51,2025-01-19T22:26:51,2025-01-19T23:26:51,한진택배,TRK129959,경상북도 부천시 논현3가 763 (정순심리),2025-09-08T13:29:35.367733Z,2025-09-08T13:29:35.367733Z
match_0181,wish_0018,request_0170,27,user_0110,shelter_0043,relief_item_0147,배송완료,2025-04-13T04:36:57,2025-04-14T04:36:57,2025-04-14T07:36:57,2025-04-14T08:36:57,CJ대한통운,TRK599284,경상북도 용인시 수지구 논현0가 585 (광수장이면),2025-09-08T13:29:35.367733Z,2025-09-08T13:29:35.367733Z
match_0182,wish_0240,request_0250,193,user_0126,shelter_0031,relief_item_0126,취소,2025-02-17T01:47:15,2025-02-18T01:47:15,2025-02-18T04:47:15,2025-02-18T05:47:15,CJ대한통운,TRK675191,대전광역시 남구 학동1로 485-64,2025-09-08T13:29:35.367733Z,2025-09-08T13:29:35.367733Z
match_0183,wish_0228,request_0035,276,user_0123,shelter_0046,relief_item_0054,취소,2025-04-11T16:31:11,2025-04-12T16:31:11,2025-04-12T19:31:11,2025-04-12T20:31:11,한진택배,TRK719531,부산광역시 동작구 가락거리 550-55 (도현김심읍),2025-09-08T13:29:35.367733Z,2025-09-08T13:29:35.367733Z
match_0184,wish_0234,request_0162,48,user_0128,shelter_0066,relief_item_0120,취소,2025-06-05T23:03:15,2025-06-06T23:03:15,2025-06-07T02:03:15,2025-06-07T03:03:15,CJ대한통운,TRK648887,울산광역시 광진구 삼성18거리 316-95 (중수김이읍),2025-09-08T13:29:35.367733Z,2025-09-08T13:29:35.367733Z
match_0185,wish_0274,request_0080,52,user_0132,shelter_0059,relief_item_0105,배송완료,2025-06-12T03:11:34,2025-06-13T03:11:34,2025-06-13T06:11:34,2025-06-13T07:11:34,CJ대한통운,TRK665883,대구광역시 구로구 영동대로 787,2025-09-08T13:29:35.367733Z,2025-09-08T13:29:35.367733Z
match_0186,wish_0117,request_0207,303,user_0133,shelter_0073,relief_item_0073,매칭완료,2025-01-16T07:50:10,2025-01-17T07:50:10,2025-01-17T10:50:10,2025-01-17T11:50:10,CJ대한통운,TRK422823,부산광역시 동대문구 석촌호수로 284-40 (은지최마을),2025-09-08T13:29:35.367733Z,2025-09-08T13:29:35.367733Z
match_0187,wish_0188,request_0106,37,user_0041,shelter_0073,relief_item_0104,배송완료,2025-08-12T16:31:15,2025-08-13T16:31:15,2025-08-13T19:31:15,2025-08-13T20:31:15,한진택배,TRK418319,광주광역시 성동구 도산대61거리 141 (상철노동),2025-09-08T13:29:35.367733Z,2025-09-08T13:29:35.367733Z
match_0188,wish_0006,request_0001,105,user_0080,shelter_0051,relief_item_0084,취소,2024-10-20T04:26:55,2024-10-21T04:26:55,2024-10-21T07:26:55,2024-10-21T08:26:55,한진택배,TRK460589,경기도 영월군 개포142길 173-24 (숙자김읍),2025-09-08T13:29:35.367733Z,2025-09-08T13:29:35.367733Z
match_0189,wish_0147,request_0121,44,user_0077,shelter_0062,relief_item_0152,취소,2025-06-18T17:09:46,2025-06-19T17:09:46,2025-06-19T20:09:46,2025-06-19T21:09:46,한진택배,TRK821179,충청북도 증평군 선릉로 지하897,2025-09-08T13:29:35.367733Z,2025-09-08T13:29:35.367733Z
match_0190,wish_0252,request_0243,166,user_0104,shelter_0021,relief_item_0118,검수완료,2024-12-23T20:12:28,2024-12-24T20:12:28,2024-12-24T23:12:28,2024-12-25T00:12:28,CJ대한통운,TRK109576,경상남도 천안시 서북구 도산대가 198-68,2025-09-08T13:29:35.367733Z,2025-09-08T13:29:35.367733Z
match_0191,wish_0221,request_0205,12,user_0058,shelter_0062,relief_item_0077,배송완료,2024-12-31T08:57:12,2025-01-01T08:57:12,2025-01-01T11:57:12,2025-01-01T12:57:12,우체국택배,TRK342446,대구광역시 서대문구 석촌호수43로 664-78 (건우김최면),2025-09-08T13:29:35.367733Z,2025-09-08T13:29:35.367733Z
match_0192,wish_0004,request_0141,24,user_0190,shelter_0080,relief_item_0008,배송중,2025-06-04T04:06:56,2025-06-05T04:06:56,2025-06-05T07:06:56,2025-06-05T08:06:56,CJ대한통운,TRK687783,충청북도 홍성군 오금길 237-32,2025-09-08T13:29:35.367733Z,2025-09-08T13:29:35.367733Z
match_0193,wish_0224,request_0102,197,user_0085,shelter_0068,relief_item_0021,배송중,2025-06-24T23:31:09,2025-06-25T23:31:09,2025-06-26T02:31:09,2025-06-26T03:31:09,한진택배,TRK849666,부산광역시 서초구 테헤란4로 668-27,2025-09-08T13:29:35.367733Z,2025-09-08T13:29:35.367733Z
match_0194,wish_0200,request_0213,260,user_0001,shelter_0058,relief_item_0056,검수완료,2025-06-14T05:51:42,2025-06-15T05:51:42,2025-06-15T08:51:42,2025-06-15T09:51:42,한진택배,TRK375754,서울특별시 마포구 삼성길 151,2025-09-08T13:29:35.367733Z,2025-09-08T13:29:35.367733Z
match_0195,wish_0041,request_0109,13,user_0162,shelter_0044,relief_item_0086,배송중,2025-06-16T23:49:50,2025-06-17T23:49:50,2025-06-18T02:49:50,2025-06-18T03:49:50,우체국택배,TRK901676,대전광역시 노원구 개포847길 399-46,2025-09-08T13:29:35.367733Z,2025-09-08T13:29:35.367733Z
match_0196,wish_0140,request_0073,36,user_0099,shelter_0037,relief_item_0130,취소,2024-11-20T17:01:35,2024-11-21T17:01:35,2024-11-21T20:01:35,2024-11-21T21:01:35,CJ대한통운,TRK532961,경상남도 정선군 선릉4로 163,2025-09-08T13:29:35.367733Z,2025-09-08T13:29:35.367733Z
match_0197,wish_0097,request_0219,88,user_0200,shelter_0044,relief_item_0094,매칭완료,2024-10-02T13:03:55,2024-10-03T13:03:55,2024-10-03T16:03:55,2024-10-03T17:03:55,한진택배,TRK243260,세종특별자치시 구로구 논현14길 182,2025-09-08T13:29:35.368734Z,2025-09-08T13:29:35.368734Z
match_0198,wish_0149,request_0029,13,user_0085,shelter_0042,relief_item_0029,검수완료,2025-02-21T04:45:36,2025-02-22T04:45:36,2025-02-22T07:45:36,2025-02-22T08:45:36,우체국택배,TRK574760,세종특별자치시 동구 석촌호수가 660,2025-09-08T13:29:35.368734Z,2025-09-08T13:29:35.368734Z
match_0199,wish_0140,request_0180,36,user_0099,shelter_0002,relief_item_0130,취소,2024-12-04T19:30:26,2024-12-05T19:30:26,2024-12-05T22:30:26,2024-12-05T23:30:26,CJ대한통운,TRK296911,충청남도 청주시 청원구 서초중앙42가 927 (광수김리),2025-09-08T13:29:35.368734Z,2025-09-08T13:29:35.368734Z
match_0200,wish_0165,request_0005,138,user_0114,shelter_0041,relief_item_0066,배송중,2025-02-05T01:17:37,2025-02-06T01:17:37,2025-02-06T04:17:37,2025-02-06T05:17:37,한진택배,TRK660957,제주특별자치도 양구군 봉은사거리 지하535,2025-09-08T13:29:35.368734Z,2025-09-08T13:29:35.368734Z
